<application>
  <component name="FileTypeManager" version="18">
    <extensionMap>
      <mapping pattern="file_path" type="AUTO_DETECTED" />
      <mapping pattern="Dockerfile-php-fpm" type="AUTO_DETECTED" />
      <mapping pattern="Dockerfile-php-cli" type="AUTO_DETECTED" />
      <mapping pattern="Dockerfile-old" type="AUTO_DETECTED" />
      <mapping pattern="artisan" type="AUTO_DETECTED" />
      <mapping pattern="Dockerfile-apache" type="AUTO_DETECTED" />
      <mapping pattern=".env-local" type="PLAIN_TEXT" />
      <mapping ext="dump" type="PLAIN_TEXT" />
      <removed_mapping ext="csv" approved="true" type="CSV/TSV" />
      <removed_mapping ext="ignore" approved="true" type="IgnoreLang file" />
      <removed_mapping ext="tsv" approved="true" type="CSV/TSV" />
      <removed_mapping pattern=".env" approved="true" type="PLAIN_TEXT" />
    </extensionMap>
  </component>
</application>