<application>
  <component name="PhpInterpreters">
    <interpreters>
      <interpreter id="566e9ff2-1248-4913-bfd7-17e610ea51ee" name="PHP 8.0" home="D:\xampp\php\php.exe" debugger_id="php.debugger.XDebug" debugger_extension="D:\xampp\php\ext\php_xdebug.dll" />
      <interpreter id="13ebc853-35f9-4616-bbe7-3c251d854e54" name="PHP 7.1" home="D:\xampp-7.1\php\php.exe" debugger_id="php.debugger.XDebug" />
    </interpreters>
  </component>
  <component name="PhpInterpretersPhpInfoCache">
    <phpInfoCache>
      <interpreter name="PHP 7.1">
        <phpinfo binary_type="PHP" php_cgi="D:\xampp-7.1\php\php-cgi.exe" php_cli="D:\xampp-7.1\php\php.exe" path_separator=";" version="7.1.1">
          <additional_php_ini />
          <configuration_file>D:\xampp-7.1\php\php.ini</configuration_file>
          <configuration_options>
            <configuration_option name="include_path" value="D:\xampp-7.1\php\PEAR" />
          </configuration_options>
          <debuggers />
          <loaded_extensions>
            <extension name="Core" />
            <extension name="PDO" />
            <extension name="Phar" />
            <extension name="Reflection" />
            <extension name="SPL" />
            <extension name="SimpleXML" />
            <extension name="bcmath" />
            <extension name="bz2" />
            <extension name="calendar" />
            <extension name="ctype" />
            <extension name="curl" />
            <extension name="date" />
            <extension name="dom" />
            <extension name="exif" />
            <extension name="fileinfo" />
            <extension name="filter" />
            <extension name="ftp" />
            <extension name="gd" />
            <extension name="gettext" />
            <extension name="hash" />
            <extension name="iconv" />
            <extension name="json" />
            <extension name="libxml" />
            <extension name="mbstring" />
            <extension name="mcrypt" />
            <extension name="mysqli" />
            <extension name="mysqlnd" />
            <extension name="openssl" />
            <extension name="pcre" />
            <extension name="pdo_mysql" />
            <extension name="pdo_sqlite" />
            <extension name="readline" />
            <extension name="session" />
            <extension name="standard" />
            <extension name="tokenizer" />
            <extension name="wddx" />
            <extension name="xml" />
            <extension name="xmlreader" />
            <extension name="xmlwriter" />
            <extension name="zip" />
            <extension name="zlib" />
          </loaded_extensions>
        </phpinfo>
      </interpreter>
    </phpInfoCache>
  </component>
  <component name="PhpSmartKeysConfiguration">
    <option name="findUsagesOfBaseMethod" value="true" />
    <option name="promptFindUsagesOfBaseMethod" value="false" />
  </component>
</application>